Entry,User,EntryDates,EntryLinks,e_feel,e_city,e_town,e_neighborhood,e_intensity,e_guess
gaziemiri hafif sallamis depremdir. edit: 4.8 ege denizi,turkeytoeu,17.06.2017 06:42 ~ 06:49,https://eksisozluk.com/entry/68891646,1,izmir,gaziemir,,2,
"dikili'^yi fena sallamis deprem ama kisa surdu. 4.5 civari olabilir. gece kopekler hic susmadi ,zaten bir seyler olacagi belliydi. edit: kopekler dogasi geregi havliyormus. cinsi geregi haftada* 1 kere ancak havlayan kopegim gece boyunca susmadi. acaba gece bu depremden once olan ve bizim hissetmedigimiz depremleri hissetmis olabilir mi bay cok bilmis?",green2005,17.06.2017 06:43 ~ 07:19,https://eksisozluk.com/entry/68891653,1,izmir,dikili,,2,4.5
4.8 siddetinde olan depremdir.,sud,17.06.2017 06:45,https://eksisozluk.com/entry/68891661,,,,,,
alistik artik resmen uyanip esimle siddeti konusunda tahminlerimizi yapip tekrar yatiyoruz.en yakin tahmini yapan kazaniyor.kaybeden kahvaltiyi hazirliyor.,ismaill,17.06.2017 06:50,https://eksisozluk.com/entry/68891688,,,,,,
uykumu bolmustur. ama cok siddetli degildi.,turkiyeden bikan pilot,17.06.2017 06:50,https://eksisozluk.com/entry/68891692,,,,,,
abim yengem yegenim orada..onlar izmirde ben trabzonda sallaniyorum..fay hattimiz biraz uzunda,kalaska,17.06.2017 06:54,https://eksisozluk.com/entry/68891711,,,,,,
sarsarak uyandirmistir. gecen seferki salincak gibi sallarken bu titretme seklinde sarsti. 2si de ege denizi merkezliyken bu fark neden acaba?,dedimyala,17.06.2017 06:58,https://eksisozluk.com/entry/68891728,,,,,,
"bildigim kadariyla kopeklerin bu depremi geceden haber vermesi olasilik disidir, insanlarin neticesinden sallamalarina hastayim. depremin, bizim hissedebilecegimiz kadar dusuk frekansa cikmasindan saniyeler oncesinde yayilan, bizim hissedemeyecegimiz ama kopeklerin hissedebilecegi cok yuksek frekansli titresimlere tepki verdikleri zaman depremi hissetmis oluyorlar. kopek havlayinca deprem olacak demekten vazgecin, saniyeler icinde olmuyorsa zaten o kopek deprem hissetmemistir, kopek dogasi geregi havliyordur sadece. ucan kustan nem kapar oldu insanlar yine.",hashus 1099,17.06.2017 07:02,https://eksisozluk.com/entry/68891739,,,,,,
hissettigim deprem. sadece yatak biraz sallandi,ernesto sparrow,17.06.2017 07:04,https://eksisozluk.com/entry/68891750,,,,,,
"piskopat bir insan olarak gece uykumda ayagimi salladigim icin genelde minik depremlere ben salladim heralde diye tepki veriyorum. ama bu seferki siddetliydi sucu ustume alamazdim, ben sallamadim diyiverdim. neticede buca'da da iyi salladi.",purepain,17.06.2017 07:09,https://eksisozluk.com/entry/68891768,1,izmir,buca,,2,
canakkale'de okuyan bir ogrenci olarak ege'ye neler oluyor dedigim deprem. rasathanenin sitesinde resmen baska cografi bolgeler yok gibi bu aralar. daha siddetlilerinin habercisi olmasindan korkuyorum acikcasi.,babasini bakkala gonderen cocuk,17.06.2017 07:16,https://eksisozluk.com/entry/68891789,,,,,,
dalaman'da hissedilmemistir.,seviyorsevmiyorseviyorsevmiyorseviyor,17.06.2017 07:35,https://eksisozluk.com/entry/68891844,,,,,,
7.4'u yasamis biri olarak boyle ufak sallantilar ile bitecekse boyle bitmesini diledigim sallantilardir. televizyonda bir profesor abimiz bu tur sallantilarin enerjiyi attigini ve buyuk deprem riskinde uzaklasildigini soylemisti. gundelikyasaminhickiriklari nickli arkadasida sehre sokmazsaniz sikinti kalmayacak gibi gorunuyor.,teknolojik,17.06.2017 10:39,https://eksisozluk.com/entry/68893076,,,,,,
yeniden oldu.,enchantress,17.06.2017 22:34,https://eksisozluk.com/entry/68904123,,,,,,
hafiften salladi. artik depremlerin buyuklugunu tahmin etme yarismasi yapiyoruz evde. edit: simdi yine oldu. en az 5.7,piflo,17.06.2017 22:35 ~ 22:52,https://eksisozluk.com/entry/68904145,,,,,,5.7
demin yine hissettirendir. biktim yemin ediyorum gina geldi.,white vinegar,17.06.2017 22:35,https://eksisozluk.com/entry/68904149,,,,,,
4.2 siddetinde sallamis olan depremdir.,depremoldudiyeyazmakicingeldim,17.06.2017 22:37,https://eksisozluk.com/entry/68904193,,,,,,
sabahkini duymadim ama aksamki hissettirdi.,ters1adam,17.06.2017 22:38,https://eksisozluk.com/entry/68904202,,,,,,
az once hafiften yine sallandik. artcilar suruyor.,v4vendetta,17.06.2017 22:38,https://eksisozluk.com/entry/68904204,,,,,,
"sikligi o kadar artti ki artik tek baslik yetiyor. sabah kalkarken ve aksam yatarken gunde iki ogun. allah sonumuzu hayir etsin. edit: derken 3. oldu. moderasyon buna el atsin, 1., 2., 3. depremi diye saatlere gore ayirsin. boyle karisiyor.",victor von doom,17.06.2017 22:39 ~ 23:00,https://eksisozluk.com/entry/68904218,,,,,,
yeter artik dedirten. kalbim duracak artik.,gokkusagindaki ruh,17.06.2017 22:41,https://eksisozluk.com/entry/68904266,,,,,,
yine oldu yine yatagim sallandi lan?,ernesto sparrow,17.06.2017 22:43,https://eksisozluk.com/entry/68904293,,,,,,
"5. katta oturuyorum artik yatakta saykoya bagladim, kandilli gibiyim siddetine kadar hissediyorum",deort,17.06.2017 22:43,https://eksisozluk.com/entry/68904297,,,,,,
"alsancakta zaten surekli sallandigim icin hissetmedigim deprem oldu. ikinci deprem siddetli oldugu icin bayagi bir korkuttu. mekanda otururken disari cikmak zorunda kaldik. bir an zeminin kayacagini zannettim, basim dondu depremin siddetinden.",panadora,17.06.2017 22:44 ~ 22:58,https://eksisozluk.com/entry/68904326,1,izmir,konak,alsancak,4,
depremlerin siklasmasi buyuk bir depremin oncusu mu yoksa denildigi gibi enerji bosalmasi mi uzmanlardan cevabini bekledigim depremdir. tanim: iyi sallayan depremdir.,katyusha,17.06.2017 22:48,https://eksisozluk.com/entry/68904410,,,,,,
cok saglam salladi. 1 dakika hatta daha fazla surmus deprem. tahminim 5.,green2005,17.06.2017 22:50 ~ 22:55,https://eksisozluk.com/entry/68904455,,,,,,5
allahim az onceki neydi oyle dolap adim atti laan,ernesto sparrow,17.06.2017 22:50,https://eksisozluk.com/entry/68904457,,,,,,
az once yine sallayan depremdir. bu sefer sikiydi hem de.,kamajikaciya,17.06.2017 22:51,https://eksisozluk.com/entry/68904459,,,,,,
"tam su an sallaniyoruz, durmuyor lan!! edit: bu ne yaa ayni basligin vol1, vol2, vol3'u cikar mi? artik 17 haziran 2017 saat 22:50 izmir depremi formati oneriyorum.",sonnenuntergang,17.06.2017 22:51 ~ 22:54,https://eksisozluk.com/entry/68904464,,,,,,
bu seferki fenaydi,thebishop,17.06.2017 22:51,https://eksisozluk.com/entry/68904466,,,,,,
suan yine sallaniyoruz. hakkimizda hayirlisi.,v4vendetta,17.06.2017 22:51,https://eksisozluk.com/entry/68904472,,,,,,
"simdi sallamistir. hissedildi ama siddetli degildi. eskiden ben icerdim dunya donerdi simdi ben icmiyorum sehir salliyor. :/ edit: baslik basa kalmis, nisan degil haziran olacak elbette. edit: an itibariyle hafiften yine salladi sanirim.",romantik kedi,17.06.2017 22:51 ~ 18.06.2017 03:37,https://eksisozluk.com/entry/68904473,,,,,,
yine yeni yeniden sallamistir sabahki titremeden farkli olarak 6.3'un kisa versiyonu az once oldu. edit : 5.3,dedimyala,17.06.2017 22:51 ~ 23:02,https://eksisozluk.com/entry/68904477,,,,,,
durduramiyoruz efenim. surekli salliyor. edit: 22.50 sularinda gerceklesen sarsintiyi gotmografim 4.7 olarak olctu. edit2: 5.5 buyuklugunde olculmus. demek ki gote cok da guvenmemek gerekiyormus.,umberto pelizzari,17.06.2017 22:52 ~ 23:01,https://eksisozluk.com/entry/68904487,,,,,,4.7
az once oldu .baya uzun surdu.bilgisayar basindayken sallandik,munc,17.06.2017 22:52,https://eksisozluk.com/entry/68904488,,,,,,
1 dakika once tekrar deprem oldu. 18 haziranda olsaydi basligi acacaktim.,atsutota,17.06.2017 22:52 ~ 22:53,https://eksisozluk.com/entry/68904490,,,,,,
saglam salladi 6-7 arasi,epack,17.06.2017 22:52,https://eksisozluk.com/entry/68904491,,,,,,
"5.3 siddetinde olmustur. koca apartmanda bizden baska disari cikan olmadi. memurlarla ayni apartmanda yasarsan olacagi bu. adamlarin bir hafta sonu var zaten, katrina kasirgasi da olsa evde televizyon izlerler.",onurdemir,17.06.2017 22:52 ~ 18.06.2017 02:26,https://eksisozluk.com/entry/68904495,,,,,,
"oncesinde kucugu olan, an itibariyle 22:50'de biraz hissettirren deprem.",oylesinebakanbiriyim,17.06.2017 22:52,https://eksisozluk.com/entry/68904505,,,,,,
sarkoy tekirdagdan hissedilen depremdir. yuh,tulpen en molens,17.06.2017 22:52,https://eksisozluk.com/entry/68904511,1,tekirdag,sarkoy,,1,
an itibariyle bir kere daha olmustur. iyi salladi yalniz,avagiderkenhavlanankopek,17.06.2017 22:52,https://eksisozluk.com/entry/68904524,,,,,,
suan yine oluyor. yeter ulan yeter.. git biraz da baska bir yerde meydana gel sallanmaktan gina geldi artik. isin kotu yani o kadar alistik ki ev yikacak deprem meydana gelirse gotumu devirip yatmaktan korkuyorum.,percykaan,17.06.2017 22:52,https://eksisozluk.com/entry/68904525,,,,,,
az once yine daha belirgin salladi. ilginc olan tam enistemin sabahki depremi hissedip hissetmedigimi sordugu anda oldu. biktim amk! izmir/cigli,koca kure,17.06.2017 22:53 ~ 22:55,https://eksisozluk.com/entry/68904532,1,izmir,cigli,,2,
anani avradini yok boyle bir sey zemin kattta gittim geldim. edit:5.5 kaynak kandilli,turkiyeden bikan pilot,17.06.2017 22:53 ~ 22:58,https://eksisozluk.com/entry/68904543,,,,,,
guzel sallamistir. 2-3 saniye surdu.,false pretension,17.06.2017 22:53,https://eksisozluk.com/entry/68904548,,,,,,
iyiden iyiye korkutan deprem. ne olacak bu isin sonu? buca fena sallandi.,dendi gidemin gari,17.06.2017 22:53,https://eksisozluk.com/entry/68904549,1,izmir,buca,,2,
"an itibariyle bornova'da ""ne oluyoruz laaagggnnn?!"" tepkisi vermemize neden olan depremdir. ev ahalisi olarak imana geldigimizi belirtmek isterim.",dahianlamindakideayriyazilir,17.06.2017 22:53,https://eksisozluk.com/entry/68904553,1,izmir,bornova,,2,
az onceki azicik sallayani hissettim ve o 4.1'se bu 5'in ustundedir. edit: 5.5,sutsuz kahve,17.06.2017 22:53 ~ 22:55,https://eksisozluk.com/entry/68904554,,,,,,
ya amk ilk basligi acacagim diye sacmaliyorsunuz artik.,nutellali balik ekmek,17.06.2017 22:53,https://eksisozluk.com/entry/68904558,,,,,,
biraz once alacati'yi sallamistir.,sokarto,17.06.2017 22:53,https://eksisozluk.com/entry/68904563,1,izmir,cesme,alacati,2,
yine deprem oldu.,mdgg,17.06.2017 22:54,https://eksisozluk.com/entry/68904572,,,,,,
"kusadasini fena sallamistir,ikincisi uzun surdu baya baya tirstik yani.",bs axungur,17.06.2017 22:54,https://eksisozluk.com/entry/68904574,1,aydin,kusadasi,,2,
yine sallandik amina koyim. upuzun surdu. hala sallaniyor hafif hafif. paranoyak mi oldum nedir?,dur arkandan su dokeyim,17.06.2017 22:54,https://eksisozluk.com/entry/68904577,,,,,,
kusadasi'nda iyi sallamis olan depremdir. saat 23.50 sulari..,imalatiharbiye,17.06.2017 22:54,https://eksisozluk.com/entry/68904583,1,aydin,kusadasi,,2,
fena vurdu. 30 saniye falan salladi.,deniz fenerine asik olan gemi,17.06.2017 22:54,https://eksisozluk.com/entry/68904584,,,,,,
az once karabaglarda hissedilen deprem.,otzidagi,17.06.2017 22:54,https://eksisozluk.com/entry/68904586,1,izmir,karabaglar,,2,
cesme'de de hissedilmistir. 6-7 saniye surdu tahmini siddet 4.5.,mystyc,17.06.2017 22:54,https://eksisozluk.com/entry/68904588,1,izmir,cesme,,2,4.5
<bkz: luleburgaz >dan da hissedilmistir!,nilufer,17.06.2017 22:54,https://eksisozluk.com/entry/68904595,1,luleburgaz,,,1,
arkadas dorduncu kattayim o nasil sallanma oyle! bornova'da fena hissedildi.,sultan ucuncu berkecan,17.06.2017 22:54,https://eksisozluk.com/entry/68904599,1,izmir,bornova,,2,
karsiyaka'yi iyi salladi.,mdgg,17.06.2017 22:54,https://eksisozluk.com/entry/68904601,1,izmir,karsiyaka,,2,
kusadasi'ni da sallamistir.,charlottetheharlot,17.06.2017 22:54,https://eksisozluk.com/entry/68904602,1,aydin,kusadasi,,2,
ayvalikta da gecenkine gore biraz daha az sallandi. tahminim 5.8 civarinda.,rapper134,17.06.2017 22:54,https://eksisozluk.com/entry/68904605,1,balikesir,ayvalik,,2,5.8
tahminim yine midilli de 5 civari bir artci oldugu yonunde.,kamajikaciya,17.06.2017 22:55,https://eksisozluk.com/entry/68904610,,,,,,5
sakiz adasindan belirgin bir sekilde hissedilmistir.,iwontsmoke,17.06.2017 22:55,https://eksisozluk.com/entry/68904618,,,,,,
hayvan gibi salladi an itibariyle. terasta sigara keyfi yapiyordum. daha da inmem. bana 1 hafta tatili cok goren faylara da cok kirginim. aksiyon bitmiyor. edit: 1 haftalik kabus sona erdi.,dipdip,17.06.2017 22:55 ~ 06.07.2017 05:26,https://eksisozluk.com/entry/68904622,,,,,,
22.50 depremi uzun sureliydi. depremler basladigindan beri hissettigim en net depremdi. *,mausolos,17.06.2017 22:55,https://eksisozluk.com/entry/68904624,,,,,,
gene geldi tipini siktigim.,gliese 581,17.06.2017 22:55,https://eksisozluk.com/entry/68904625,,,,,,
"ulan bir insan omru boyunca bir bilemedin iki, uc kere depreme sahit olur.. bu ne arkadas ya.. 3 gunde bir deprem.. 3 gunde bir komple apartman merdivenlerde.. boyle bi sey var mi.. yeter artik ya.. illallah dedik valla..",80 li yillari cok ozluyorum lan,17.06.2017 22:55,https://eksisozluk.com/entry/68904627,,,,,,
"dikilide hissedildi, hala ufak ufak vuruyor. siddetini bilen varmi?",ziybet,17.06.2017 22:55,https://eksisozluk.com/entry/68904628,1,izmir,dikili,,2,
"didimde hissedildi, bir 5 saniye salladi. iyi salladi, 5 uzerinde gibi",ozeluniversitedekiburslucocuk,17.06.2017 22:55,https://eksisozluk.com/entry/68904630,1,aydin,didim,,2,5
ege denizi 5.5 siddetinde olmustur.,tozasor,17.06.2017 22:55,https://eksisozluk.com/entry/68904631,,,,,,
bornovayi soyle bi titretmistir.,mustafaefendi,17.06.2017 22:55,https://eksisozluk.com/entry/68904633,1,izmir,bornova,,2,
izmir'deki arkadasimla konusurken deprem basladi yaklasik bir 10 saniye sonra aydin'da sallamaya basladi cok tuhaf bir doga olayi.,deligine yuvarlanmis tavsan,17.06.2017 22:56,https://eksisozluk.com/entry/68904649,,,,,,
6 dan assasi kesmiyo artik,dimitrikopulos,17.06.2017 22:56,https://eksisozluk.com/entry/68904654,,,,,,
"<bkz: gelecekten bildirdim > edit: 17 haziran 2017 tarihinde acilan, 18 haziran 2017 depremi basligindan tasinmistir. https://i.hizliresim.com/jw2apd.jpg",illegalstar,17.06.2017 22:56 ~ 23:42,https://eksisozluk.com/entry/68904656,,,,,,
"urla'da, zeminle bir olan atolyede saglam vurmus depremdir. evdekileri aradim, ust katlardalar onlar. bayagi bi sallamis orayi da. umarim baska faylari tetiklemez sabahki de uykumdan uyandirmisti. besik olduk anasini satayim",delfina,17.06.2017 22:56 ~ 22:59,https://eksisozluk.com/entry/68904661,1,izmir,urla,,2,
"10-15 gun, 5,5 e kadar surekli artcilar olacak diye uzmanlar soylemisti.",es se,17.06.2017 22:56,https://eksisozluk.com/entry/68904668,,,,,,
istanbul anadolu sahilinden hissedildi. baya 1 dakka surdu.,delnaja,17.06.2017 22:56,https://eksisozluk.com/entry/68904669,,istanbul,,,,
ama cok fena salliyor.. azalacagina artacak mu siddeti? keske bir aciklama yapilsa.. ege denizi 5.5.,birdyfirdy,17.06.2017 22:57,https://eksisozluk.com/entry/68904675,,,,,,
benim anlamadigim sey bu deprem istanbul'dan da ayni siddette hissediliyor. bir oncekinde de boyle olmustu. ilce bahcesehir.,vayefendim,17.06.2017 22:57,https://eksisozluk.com/entry/68904678,1,istanbul,basaksehir,bahcesehir,1,
"kusadasi, guzelcamlida avizeleri hafif sallatan depremdir",boybanddeki gereksiz eleman,17.06.2017 22:57,https://eksisozluk.com/entry/68904688,1,aydin,kusadasi,guzelcamli,2,
"22 50 civari gerceklesmistir biraz uzun surdu, <edit, uzun surmemis. bana kalsa hala devam ediyor> yine ayni bolge, karaburun' un kuzeyi ben 5,1 diye buldum",ultraparties,17.06.2017 22:57 ~ 23:08,https://eksisozluk.com/entry/68904690,,,,,,
"umarim can kaybinin, yaralanmanin, hasarin olmadigi sallamadir. anksiyetesi, panik atagi olanlara sabir diliyorum. allah beterinden korusun. ilk once bir sallandik mi dedim, sonra yukarida kapi kapaninca onun titresimidir diye gecistirdim ki... olmus. imza: sismograf g.tlu yer: zekeriyakoy/istanbul",altering lives,17.06.2017 22:57,https://eksisozluk.com/entry/68904693,1,istanbul,sariyer,zekeriyakoy,1,
bornova'yi inceden bir sallamistir. tabii istanbullu arkadaslar sormak lazim esas. zira ulkede deprem olup olmadigi istanbul'a etki edip etmedigiyle olculuyor.,kayayi delen incir,17.06.2017 22:58,https://eksisozluk.com/entry/68904702,1,izmir,bornova,,2,
"kusadasi davutlar'da,bes adimda bahceye kactigim depremdir. iceride avize halen sallaniyor..",kirsof35,17.06.2017 22:58 ~ 23:35,https://eksisozluk.com/entry/68904703,1,aydin,kusadasi,davutlar,4,
siddeti 5.3 olarak olculmus.,cheers for fears,17.06.2017 22:58,https://eksisozluk.com/entry/68904706,,,,,,
yuregimi agzima getiren ikinci deprem. bir onceki de gecenlerde olan. ayni onun gibiydi. deprem psikolojisi gercekten cok sikik bi sey lan. daha buyuk depremlerde enkaz altindan kurtulanlar var. biz su an bu haldeysek onlari dusunemiyorum bile.,dunyanin en buzin seven insani,17.06.2017 22:58,https://eksisozluk.com/entry/68904708,,,,,,
baya uzundu bu sefer sanki. bitsin artik yaw.,recegina,17.06.2017 22:58,https://eksisozluk.com/entry/68904712,,,,,,
3-4 dakikada bir sallaniyor. japonya gibi olduk yeminle.,tekopaco,17.06.2017 22:58,https://eksisozluk.com/entry/68904713,,,,,,
ya vallahi artik deprem olmasindan cok sikildim. hafta ici olana 15. katta yakalandiktan sonra ki sallanti yuzunden 1 haftadir basim donuyor her yere saglam basarak oturdugumda. tanrim sevdiklerimi koru.,metket,17.06.2017 22:58,https://eksisozluk.com/entry/68904714,,,,,,
su anda 5.5 ile tekrar etmistir. https://m.emsc.eu/…quake/earthquake.php?evid=599243,core i,17.06.2017 22:58,https://eksisozluk.com/entry/68904717,,,,,,
ege denizinde 5.5 siddetinde olmus. bucadan hafif hissedildi.,vol1,17.06.2017 22:58,https://eksisozluk.com/entry/68904719,1,izmir,buca,,2,
"yobaz guruha ""sen misin ramazanda oruc tutmayan gavur izmir"" dedirten basliktir.",mefhumumuhalif,17.06.2017 22:58 ~ 23:00,https://eksisozluk.com/entry/68904724,,,,,,
"siddetliydi ama suresi 6,2 lik olana gore daha kisaydi. izmir'in cekecegi var.",deytas,17.06.2017 22:59,https://eksisozluk.com/entry/68904733,,,,,,
istanbul kucukcekmece'de hissedilmistir.,kiezmultikulti,17.06.2017 22:59,https://eksisozluk.com/entry/68904736,1,istanbul,kucukcekmece,,1,
"az evvel epey sallayan gunun bilmemkacinci depremi ama bu daha siddetliydi. bostanli kahve deryasi'nda az once ayakta hesap oduyordum, ""deprem"" diye durdum kaldim. tam ustundeki bina da bostanli'nin meshur yamuk binasi olunca insan korkuyor sozluk.",asyamaris,17.06.2017 22:59,https://eksisozluk.com/entry/68904743,1,izmir,karsiyaka,bostanli,3,
lan haftasonu kacamagi diye geldigim altinoluk'ta guzel sallamistir.,nick ararken kaybolan yazar,17.06.2017 22:59,https://eksisozluk.com/entry/68904753,1,balikesir,edremit,altinoluk,2,
fena sallandik manisa da ; an itibariyle kandilli rasathanesi sitesi coktu. tahmini 5.8 ege denizi,yakarcayakalayanadam,17.06.2017 22:59,https://eksisozluk.com/entry/68904760,1,manisa,,,2,5.8
cok korktum bu sefer. sabah ki hafifti de bu saglam salladi.,taktaktaksii,17.06.2017 22:59,https://eksisozluk.com/entry/68904762,,,,,,
"mutfakta su icerken ""hoo basim ne dondu lan?!"" diye dusunup koltuga oturmami, koltuga oturunca basimin donmedigini anlamami sagladi 22:50'deki. 2 yildir oturdugum evde depreme yakalanmamistim, 10. katin tadi baska oluyormus. lunaparklardaki gondollara durmak uzereyken binmisim gibi bir hissiyat idi. dort tarafa aheste aheste sallandim. binadan ""burada depreme yakalanirsan iyi sallanirsin hacit"" uyarisini aldim. 22:50 sularinda olani istanbul 3. bolgeden hissedildi.",cenabettincerrah,17.06.2017 23:00,https://eksisozluk.com/entry/68904766,1,istanbul,,,1,
olmus ama hissetmedigim deprem. yer hatay.,balikci filozof,17.06.2017 23:00,https://eksisozluk.com/entry/68904775,,,,,,
istanbul beylikduzu'nde de hissedilen depremdir.,aero gs,17.06.2017 23:00,https://eksisozluk.com/entry/68904785,1,istanbul,beylikduzu,,1,
"#deprem aegean sea <38.8400 26.4200> 2017.06.17, 22:50:04 tsi buyukluk: 5.5 derinlik: 12.3 km #kandilli",enkizu,17.06.2017 23:00,https://eksisozluk.com/entry/68904786,,,,,,
<bkz: nasa'nin izmir'de deprem tahmin istasyonu kurmasi >,doomthema,17.06.2017 23:00,https://eksisozluk.com/entry/68904788,,,,,,
"magnitud: 5,5",gokten dusen yer elmasi,17.06.2017 23:00,https://eksisozluk.com/entry/68904789,,,,,,
istanbulda olmadiysa oldu sayilmamistir. not: gevrek boyoz cigdem,ginaly,17.06.2017 23:00,https://eksisozluk.com/entry/68904791,,,,,,
bursa yalova yolu ozdilek'te sanirim bir tek benim hissettigim depremdir. baya bir salladi. korktum sozluk.,dutya,17.06.2017 23:01,https://eksisozluk.com/entry/68904805,1,bursa,osmangazi,,1,
kopeklerimden biri free takilmayi sever. odasinda takilirken simdi yanima geldi ayagimin altinda saklaniyor. bu tepkiyi bir tek havai fisek atildiginda yaptigi icin baya tirstim. *,green2005,17.06.2017 23:01,https://eksisozluk.com/entry/68904807,,,,,,
sanirim yine sallamis olan depremdir,boks eldiveni,17.06.2017 23:02,https://eksisozluk.com/entry/68904823,,,,,,
6.2 ile baslayan deprem firtinasinin en yuksek ikinci depremi. 5.5 diyorlar. korkulacak bir sey yok. bu bolge belli donemlerde boyle sallanir.,nutellali balik ekmek,17.06.2017 23:02,https://eksisozluk.com/entry/68904825,,,,,,
6.3 ten beri surekli basim donuyor da sallaniyormusum gibi hissediyorum. paranoyak oldum. yine sallaniyorum galiba diyordum ki depremmis.,soda limon,17.06.2017 23:02,https://eksisozluk.com/entry/68904828,,,,,,
<bkz: izmir rock'n roll gunleri >,evillive,17.06.2017 23:02,https://eksisozluk.com/entry/68904835,,,,,,
kusadasi'nda fazlaca hissedilmistir..,kagit iki milyon,17.06.2017 23:03,https://eksisozluk.com/entry/68904846,1,aydin,kusadasi,,2,
son bir ayda dorduncu kez olmustur.ciddi hissedilir derecede. bir dahakinde bakalim entry girmek nasip olcakmi yer bornova,othervoices,17.06.2017 23:03 ~ 23:06,https://eksisozluk.com/entry/68904848,1,izmir,bornova,,2,
"adam bornova'yi inceden salladi yazmis. yahu biz 400km uzakta bursa'da inceden sallandik senin bornova'da kalindan baya bi sallanman gerekir. ayrica cidden ne sikim ulkedir lan bu. dogal felaketi bitmez, kazasi belasi bitmez, dunyanin en igrenc bolgesine komsu olmasi, savaslar, teror,multeciler. cennet gibi ulke diyenler yok mu agzina yuzune ucan tekme atasim geliyo.",epir,17.06.2017 23:03 ~ 23:04,https://eksisozluk.com/entry/68904851,1,bursa,,,1,
"en dogru olcumu veren siteye gore 5.2 olmustur, vd . karsiyaka bolgesindeki butun martilar ayni anda havalanip ses cikarmaya basladilar. deprem uzmani <bkz: ahmet ercan >'in bu hafta soyledigi gibi beklenen bir depremdir.",nickini de seni de,17.06.2017 23:03 ~ 23:08,https://eksisozluk.com/entry/68904852,,,,,,
alistim galiba. koltuktaki pozisyonumu bile degistirmedim,uyuyankral,17.06.2017 23:03,https://eksisozluk.com/entry/68904857,,,,,,
mordogan'da sokaga dokmustur.,rakinfish,17.06.2017 23:04,https://eksisozluk.com/entry/68904864,1,izmir,karaburun,mordogan,5,
birinin istanbul kucukcekmece'de nasil hissedilebildigini aciklamasi gereken deprem.,gizy,17.06.2017 23:05,https://eksisozluk.com/entry/68904881,,,,,,
"anlik geldi, denizde bir dalganin uzerinde kayar gibi kaydi butun ev sanki. aklimiz gitti 6.3ten sonra amaka. dakka basi deprem, yorulduk.",chezidek,17.06.2017 23:05,https://eksisozluk.com/entry/68904895,,,,,,
yillardir ilk kez deprem hissettim. ama ilginctir izmir aciklarindaki depremi ben istanbul bahcesehir'den nasil hissettim?,pheno,17.06.2017 23:06,https://eksisozluk.com/entry/68904897,1,istanbul,basaksehir,bahcesehir,1,
kayalik zeminde hafif de olsa hissettirdi. kusadasi - kadinlar denizi,vikartindur,17.06.2017 23:06,https://eksisozluk.com/entry/68904901,1,aydin,kusadasi,,1,
boyle ufak sarsintilarin surekli olmasi iyidir izmirliler. yer kabugunun sesizlesmesi daha buyuk tehlikedir deprem bolgeleri icin. mesela marmara denizinin sessizligi gibi.,takim elbise ile yuzen adam,17.06.2017 23:06,https://eksisozluk.com/entry/68904907,,,,,,
"nereye kacsak diye bakinmama sebep olduran. 22.50yi hissettim sadece aksam olanlardan,sabah da depremle uyandim... insanin morali bozuluyor.",glygine,17.06.2017 23:06,https://eksisozluk.com/entry/68904909,,,,,,
"cocuklugumdan beri duydugum en sacma teselli <ya da her neyse>; ""depremle yasamaya alismaliyiz!""dir. duvarlarin catirdamasina, tavandaki lambanin dans etmesine, altindaki zeminin saga sola gitmesine hangi psikopat ruhlu organizma alisabilir ya da sogukkanlilikla karsilayabilir merak ediyorum. allah'im, olum hakikat elbet, ancak ne olur, sevdiklerime hayirli ve acisiz bir olum nasip et dedirten depremdir.",ironik nick,17.06.2017 23:06,https://eksisozluk.com/entry/68904911,,,,,,
5 uzeri olduktan bu yana 16dk gecti 3uzeri 5 artciyla devam eden firtinadir..,core i,17.06.2017 23:06,https://eksisozluk.com/entry/68904922,,,,,,
aydin da da hissedilen depremdir. allahtan barakada yasiyorum.,ez li virim,17.06.2017 23:07,https://eksisozluk.com/entry/68904926,1,aydin,,,2,
gunlerdir dogadayim cadiri toplayip eve dondum. tam eve girdim kapiyi kapadim salladi. cidden sogudum artik. umarim gecicidir... artik ciddi korkmaya basladim. lutfen gece sallamasin :<,mymissingstars,17.06.2017 23:07,https://eksisozluk.com/entry/68904941,,,,,,
"bir gun icinde hissettigim 3. deprem olmustur, hepsinde de basta hanim tarafindan koltugu veya yatagi sallamamam uyarisiyla hissetmeye basladik.",emperor84,17.06.2017 23:08,https://eksisozluk.com/entry/68904943,,,,,,
"gecen haftaki 6,3'luk depreme gore cok daha az siddetli ve kisa sureliydi. fakat buna ragmen iyi salladi. konum: goztepe",sfalya,17.06.2017 23:08,https://eksisozluk.com/entry/68904952,1,izmir,konak,goztepe,2,
"gecen haftaki depremden daha kisa sureli olmakla birlikte, yine 5.5 uzerinde diye tahmin ediyorum. lokasyon ayvalik.",terra rossa mia,17.06.2017 23:09,https://eksisozluk.com/entry/68904972,1,balikesir,ayvalik,,2,5.5
"istanbul bakirkoy de oturuyorum, yatakta basim donuyo sandim lambayla gozgoze geldigim de hafiften sallaniyordu. ya cok hissiyatliyim ya da bizim bina cok eski.",ruzgaresintisi,17.06.2017 23:09,https://eksisozluk.com/entry/68904973,1,istabul,bakirkoy,,1,
artci depremdir.,kerevizyon,17.06.2017 23:09,https://eksisozluk.com/entry/68904981,,,,,,
buyuk birsey geliyor hissediyorum ruyalarimda cok gordum bu ara depremleri sonumuz hayrolsun,elarabasinisatanbilge,17.06.2017 23:10,https://eksisozluk.com/entry/68905014,,,,,,
"5.3 olarak kaydedilen deprem. hafif salladi gecti bizim burayi ama, zannederim izmir'de daha siddetli hissedilmistir.",anlamadiysanizsorabilirsiniz,17.06.2017 23:11,https://eksisozluk.com/entry/68905026,,,,,,
karsiyaka'nin kuzeyindeki soyaklarda hissedilmemis depremdir.,defakto,17.06.2017 23:11,https://eksisozluk.com/entry/68905027,,,,,,
gece uyutmayacak depremdir. insallah gece olmaz.,katyusha,17.06.2017 23:11,https://eksisozluk.com/entry/68905028,,,,,,
konak asansor kismini iyi sallayan depremdir. kitapliklarimdan ses geldi. 99 depremini sakarya da gecirmis biri olarak allah aklima mukayyet olsun. vallahi siktim siyrildi.,uc vakte kadar yedi,17.06.2017 23:11,https://eksisozluk.com/entry/68905040,1,izmir,konak,asansor,3,
ailem izmirde sozluk sayesinde onlardan once benim haberim oluyor. bu ne arkadas!,28061984,17.06.2017 23:12,https://eksisozluk.com/entry/68905046,,,,,,
"lambami sallamamistir, genelde 5.5 uzerinde sallaniyor benim odanin lambasi.",n8,17.06.2017 23:12,https://eksisozluk.com/entry/68905062,,,,,,
"bu ne lan dunun aynisi? karikaturunu aklima getirmistir. mataralari hazir tutun beyler, bayanlar. kacis ve kalis planlarinizi da yapin simdiden. allah korusun daha buyugunden ama bu isin sakasi da yok. gecmis olsun.",mockba,17.06.2017 23:12,https://eksisozluk.com/entry/68905064,,,,,,
izmir'de bulunan arkadaslarimin siklemedigi deprem. herkes dalgasinda anladigim kadariyla. tanim: erzincan'da hissedilmeyen deprem.,elemental,17.06.2017 23:13,https://eksisozluk.com/entry/68905087,,,,,,
gun icinde karaburun civari serbest dalis yaptim. dalis sirasinda su icinde surekli tik tik sesleri duydum. bu seslerin kaynagi nedir nedendir bilinmez ama hayirlisi diyelim.,ermoo,17.06.2017 23:14,https://eksisozluk.com/entry/68905103,,,,,,
gecen ki 6.3 luk olan haric son 3 yilda izmirdeki hicbir depremi hissetmedim. gecen olan deprem 20km derinlikteydi ve muhtemelen bu yuzden hayvan gibi hissettirmisti. artcilar daha yuzeyde oluyor. o 6.3 luk olan cok acayipti. bunlar resmen yelpaze serinligi gibi onun yaninda.,beeyore,17.06.2017 23:14 ~ 23:15,https://eksisozluk.com/entry/68905105,,,,,,
o kadar cok oluyor ki artik cogu haber degeri bile tasimamaya baslayan sadece ekside bahsi gecen depremler zinciri. en son 22:50'de oldu.,thesilmarillion,17.06.2017 23:16,https://eksisozluk.com/entry/68905156,,,,,,
"bundan seneler once olan izmir depreminde arabada uyumustu herkes. sonra sabaha karsi boyoz yemistik firindan tam cikma saatiydi. arkadasimla konusuyorduk da oyle hatirladim, deprem zamani, sokakta uyuyoruz korkudan. ama keyif tam gaz. denisik bir sehir. cay da vardi.",muti,17.06.2017 23:16,https://eksisozluk.com/entry/68905161,,,,,,
<bkz: izmir'in anadolu'dan ayrilmaya calismasi >,retrospektekuler,17.06.2017 23:17,https://eksisozluk.com/entry/68905180,,,,,,
izmir karsiyaka'da haril haril is yetistirmeye ugrasirken hic de ciddiye almadigim deprem. sahi arkadaslar merak ediyorum da cok mu rahatsiniz yoksa sikici hayatlariniza heyecan mi ariyorsunuz.,mscmn,17.06.2017 23:17,https://eksisozluk.com/entry/68905182,1,izmir,karsiyaka,,2,
kizil ordu korosundan katyusa'yi dinlerken yakalandigim deprem. kuzen haber vermese avizenin hayvan gibi sallandigini farketmeyecektim.,ashildr,17.06.2017 23:18,https://eksisozluk.com/entry/68905204,,,,,,
...,eyukcell,17.06.2017 23:18 ~ 16.03.2018 07:53,https://eksisozluk.com/entry/68905223,,,,,,
taslar git gide yerine oturuyor simdi.,melancohly,17.06.2017 23:19,https://eksisozluk.com/entry/68905232,,,,,,
saros korfezinden hissedilen depremlerden sonuncusu. hayirlara vesile olmasi dilegiyle.,brhmdrcn,17.06.2017 23:19,https://eksisozluk.com/entry/68905236,1,canakkale,,,2,
beklenen buyuklukteki artcilar oldugu soylenen depremler silsilesidir. 3 ve uzerisini hep hissediyormusum meger ben. uzanirken kalbimin carpintisindan sallandigimi dusundugum her sarsinti 3 ve uzeri depremlermis. 22:50 de gerceklesen 5.5 tan sonra surekli takip ettim ve gerceklesen tum depremleri hissettigimi farkettim sayesinde.,dedimyala,17.06.2017 23:20,https://eksisozluk.com/entry/68905263,,,,,,
korkutan depremdir. bu deprem artci miydi yoksa yeni bir kirilma mi gerceklesti ?,katyusha,17.06.2017 23:20,https://eksisozluk.com/entry/68905264,,,,,,
az once olan depremi beylikduzunden hissettim. rabbim daha buyuklerini yasatmasin.,onemlidegil,17.06.2017 23:20,https://eksisozluk.com/entry/68905266,1,istanbul,beylikduzu,,1,
<bkz: winter is coming >,audard,17.06.2017 23:20,https://eksisozluk.com/entry/68905273,,,,,,
o degil de ne cabuk ayin 17'si olmus. yine kol gibi kdv odeyecegiz.,nutellali balik ekmek,17.06.2017 23:21 ~ 23:22,https://eksisozluk.com/entry/68905294,,,,,,
<bkz: fani dunya >,satukbugrahan,17.06.2017 23:22,https://eksisozluk.com/entry/68905296,,,,,,
1 haftadir hoplatilip duruyoruz bir 5 lik bir 6 lik sikmese iyi bari...,altinsan,17.06.2017 23:25,https://eksisozluk.com/entry/68905361,,,,,,
dua edelim de bunlar ileride olacak olan cok daha buyuk bir depremin habercisi olmasin.,firari,17.06.2017 23:26,https://eksisozluk.com/entry/68905380,,,,,,
edremit korfezi ozellikle akcayda hissedilmis depremdir.ayrica akcay sahilde denizin 1-1.5 m. cekildigini soyluyorlar. insanlar ciddi korkmus durumda.neler oldugunu aciklayabilecek varsa yesillendirin please,o ne lisa,17.06.2017 23:26 ~ 23:28,https://eksisozluk.com/entry/68905394,1,balikesir,edremit,akcay,1,
eski sevgilisi ege bolgesinde yasayanlar icin mesaj vakti.,tayo,17.06.2017 23:26,https://eksisozluk.com/entry/68905395,,,,,,
surekli artcilar oluyor 5.5 den sonra. 6 7 tane 3.4 - 3.9 arasi deprem oldu,nofix,17.06.2017 23:26,https://eksisozluk.com/entry/68905397,,,,,,
izmir candarlida saglam hissedilen deprem. yeter la artik bu kacinci...,zenci451,17.06.2017 23:27,https://eksisozluk.com/entry/68905424,1,izmir,dikili,candarli,2,
gecen seferki depremi de hissetmemistim ama evdeki herkes bunu da hissetmis. <bkz: sorun bende askim >,yalniz astronot heykeli,17.06.2017 23:27,https://eksisozluk.com/entry/68905425,,,,,,
sikik misvak'a malzeme cikti yine,zenci451,17.06.2017 23:30,https://eksisozluk.com/entry/68905475,,,,,,
"oguz gundogdu'nun cnnturk'de dedigine gore 5.3 siddetindeki bu deprem dogrultu atimli bir deprem olup 6.3'un artcisi degil bagimsiz bir depremdir, yani bolgede yeni bir faylanma olustugunu gosteren ozellikler icermektedir.",astrofizik,17.06.2017 23:31,https://eksisozluk.com/entry/68905500,,,,,,
bu kadar cok depremin ardindan buyuk deprem olma olasiligi yok denecek kadar az. rahat olun cankuslar. deprem firtinalari,whatthefcuk,17.06.2017 23:35 ~ 23:37,https://eksisozluk.com/entry/68905588,,,,,,
"ortalama 10 dakikada bir irili ufakli depremlerle kendini hatirlatmaya devam etmektedir. hic 18 haziran, 19 haziran basliklarina gerek yok. 2017 haziran izmir sallantilari diye acin basligi. hatta 2017 yazi izmir sallantilari bile is gorur.",laureux,17.06.2017 23:38,https://eksisozluk.com/entry/68905643,,,,,,
karsiyaka bahcelievler tarafinda da hissedilen depremdir. once kucuk bir deprem oldu daha sonra ise gercekten saglam salladi. kisa surdu ama deprem korkusunu yasatmaya yetti. hepimize gecmis olsun.,sacr0,17.06.2017 23:40,https://eksisozluk.com/entry/68905682,1,izmir,karsiyaka,bahcelievler,2,
buyuklugunu/siddetini kandilli'den once eski sevgilimden ogrendigim depremlerden biri. 6'nin altindakilerde aramiyor cunku.,tesadufun dikalasi,17.06.2017 23:44,https://eksisozluk.com/entry/68905757,,,,,,
"bu gidisle cocugun adini 'kandilli' veya 'rasathane' koyacagiz. buyuyunce de son gunlerdeki depremleri anlatinca 'babam bana dogal besik ayarlamis' der, hava atar artik.",kendinekadaravukat,17.06.2017 23:45,https://eksisozluk.com/entry/68905777,,,,,,
artik essegin ayagina su kacirmis depremlerin umarim sonuncusudur. lan eve giremiyorum. yillik iznimi sacma sapan sekilde kayinvalidelerin yazlikta geciriyorum.,kamajikaciya,17.06.2017 23:47,https://eksisozluk.com/entry/68905813,,,,,,
insani paranoyaklastiran depremlerdir. siddetli hissettirince tatil olsun kafa dagilsin diye gelinen izmir'i bir bankta biraz daha bekleyelim de otele oyle donerize cevirtti.,takintili insan modeli,17.06.2017 23:48,https://eksisozluk.com/entry/68905825,,,,,,
deprem bizim ulkemiz icin normal birsey. tedirginliginizi anliyorum ama panige gerek yok. 5 nokta bilmem kac depremde arkadaslar iyi misiniz yazmak komik oluyor. hani 6.4 falan olsa hakikaten endise verici olabilir de kendi kendinize sinirinizi bozuyorsunuz sadece.,lonelyday34,17.06.2017 23:48,https://eksisozluk.com/entry/68905835,,,,,,
kanimca izmir bu ulkeden kopmaya calisiyor. not: sallanmaktan tansiyon falan kalmadi korkudan tuvalete yalniz giremeyecek haldeyim fena korkuyorum. tirsmayanlarin da bu hallerimize saygi duymasini bekliyorum siktirtmesinler genisliklerini. tesekkurler.,sepiaofficinalis,17.06.2017 23:50,https://eksisozluk.com/entry/68905879,,,,,,
buradan baktigimiz zaman onceden uyarisi verilmis depremdir. sitenin sahibi veysi kurt bey ile mail uzerinden baglanti kurdum bu gece icin herhangi bir deprem belirtisinin olmadigini belirtti. not : merak ettiginiz bir sey varsa sorabilirsiniz ama lutfen bu gece deprem olcak mi seklinde bir soru sormayin sitenin sahibine cunku ben sordum cevabini buraya yazdim.,katyusha,17.06.2017 23:55,https://eksisozluk.com/entry/68905979,,,,,,
"ya herkes dolaplardan uzak durun yazmis; ama benim gibi yatagin yaninda dolap varsa ""hayat ucgeni"" olusturmak icin en guvenilir yer burasi olmuyor mu? korkuyorum sozluk, 9 aylik bebegim var, 7. katta oturuyorum en guvenli yer diye burayi belledim hata mi yapiyorum?",martik,17.06.2017 23:58,https://eksisozluk.com/entry/68906054,,,,,,
"is yerinde her gun allah kitap kufreden orospu cocuklarina ""allahumme salli ala"" okutan deprem.",kurukafakarafaruk,18.06.2017 00:00,https://eksisozluk.com/entry/68906091,,,,,,
"deprem esnasinda ne kolon ne de kiris altinda saklanin. hele hele kapi esiklerinde sakin sakin durmayin. turkiyedeki bina kaliteleri ortada. zannediyor musunuz ki olasi bir yikici depremde o kolonlar kirisler ayakta kalacak? yapmaniz gereken tek sey kendinize yasam ucgeni olusturmak. olusturacaginiz yasam ucgenine uzandiginizda basiniza ya da dogrudan vucudunuza dusecek mobilyalarin olmamasina dikkat edin. gece yataginizin dibi bu is icin en uygun yerlerden biridir, eger ki yataginizin saglamligina guveniyorsaniz. hemen dibine uzanin. bir baska onemli sey deprem cantasi. yasam ucgeninizin oldugu yerde, icinde litrelik sularin, sekerlerin, belki biskuvi tarzi ama susatmayacak bir iki parca yiyecekle beraber bir adet dudugunde bulunmasina dikkat edin. olasi cokme durumunda enkaz altinda bagirmak yerine duduk sayesinde daha az caba ile daha fazla gurultu cikarabilirsiniz. tabi cep telefonlarinizi da sarjda ve yasam ucgeninizin yakininda tutmaya ozen gosterin yatarken. son soz, evet panik yapmayin ama mecbur kalmadikca kolon, kiris altlarina da saklanmayin. zemin katta degilseniz pencereden atlamaya hic kalkmayin. kapi esiklerinin alti ise olasi bir yikilmada dogrudan olumunuze sebebiyet verir. cumleten gecmis olsun. not: yasam ucgeninin onemi 99 depreminde tv lerde uzmanlar tarafindan defalarca anlatildi. ek: yatak dibi derken yataginizin altini kastetmiyorum, yatagin zeminle kesistigi nokta. asla yatak yada masa gibi her hangi bir mobilyanin yada makinenin/aracin altina girmeyin.",issiz karga,18.06.2017 00:00 ~ 01:37,https://eksisozluk.com/entry/68906103,,,,,,
facebook durumlarinda hemen paylasilmis olandir. abi deprem oluyor farkindasiniz dimi hemen akilli telefonunu acipta butun sosyal medya hesaplarinda deprem oldu diye durum kasmak nedir? ahiretteyim diye swarmdan cekin atmana ramak kalmis sen hala blablabla...,sherlockholmess,18.06.2017 00:04,https://eksisozluk.com/entry/68906226,,,,,,
deprem masasi olarak da bilinen celik siginak tipi yemek masalarindan almak gerektigini bir kez daha hatirlatmis olan depremdir.,elektriklisandalye,18.06.2017 00:07,https://eksisozluk.com/entry/68906299,,,,,,
"depremle ateist turnoslu yapan gerzek turnosulu tum marketlere gelmistir. aga bitmediniz. neymis din kitap kufurmus, bira iciyolarmis, abdestsizmis falan.. ulan sizin dualar neye yariyor o zaman? bi de boyle dusun.",snoop dogg millionaire,18.06.2017 00:10,https://eksisozluk.com/entry/68906342,,,,,,
"karsiyaka'da yatakta yakalandigim depremdir. ilk depremden sonra annem boynuna duduk takmisti, onu calmasiyla birlikte israrlarina dayanamayip beraber evden ciktik ve asansore bindik. <bkz: depremden kacarken asansore binmek >",kakumaklu,18.06.2017 00:13 ~ 00:15,https://eksisozluk.com/entry/68906437,1,izmir,karsiyaka,,3,
bir onceki depremde oldugu gibi yine izmir semalarinin kizila donmesi bu fenomenin deprem ile olan ilgisini guclendirmistir,kindabusy,18.06.2017 00:14,https://eksisozluk.com/entry/68906447,,,,,,
6.3 lukten beri her an titriyorum ve sallanir vaziyetteyim dolayisiyla pek etkilenemedim. mutfakta bir surgulu dolap var o da acilirsa tum izmir hissetmis oluyor.,ucan kivircik,18.06.2017 00:14,https://eksisozluk.com/entry/68906455,,,,,,
bana evden cikip 5 bira aldiran depremdir. madem iciyoz diye oluyor bakalim sinirlari zorlucam aga.,huguker,18.06.2017 00:14,https://eksisozluk.com/entry/68906456,,,,,,
<bkz: siddet degil buyuklugu >,pkron,18.06.2017 00:14 ~ 00:15,https://eksisozluk.com/entry/68906463,,,,,,
aklima yanardag getiren deprem. yunanistan yanardaglari ne durumda acep? orda bi deprem olsa dag patlasa yandik.,artik yazar yapsaniza,18.06.2017 00:21,https://eksisozluk.com/entry/68906630,,,,,,
"korkutmustur. su deprem oldugunda panik yapacaginiza, balkonlardan atlayacaginiza gecin sert, duvara dayali, yerinde kipirdamayacak bir seyin yanina < koltuk basi, yatak yani gibi seylerin yanina > dizlerinizi kirip basinizi ellerinizin arasina alip deprem gecinceye kadar bekleyin. disari cikma sansiniz deprem olurken 100% ise cikin tabi ki. oyle bir sans cok azdir. yahu kimisi panikle bagiriyor, kimisi kapi esiginde duruyor. insanlari yonlendirmek icin deprem olurken sinirden kuplere binip bagiriyorum. kendinden gecip korkudan ne yapacagini sasirip balkona, pencereye yonelen birkac tanesine tokat atmisligim bile var. 17 agustos depremini yasayip yikik arasindan sag kurtulanlarda ki panigi anlarim da ulan yikilmamis, duvari bile catlamamis bir yer gormeden yikik altindaki kisiden daha fazla korkup manyak manyak islere kalkismak nasil bir psikopatliktir ?",benbiravareyim,18.06.2017 00:23,https://eksisozluk.com/entry/68906694,,,,,,
"insanlar izmirde caninin derdindeyken, su deprem meselesini oruca/dine/dinsizlige baglayanlari, 10 siddetinde titreterek sikeyim. edit: kufurden dolayi sozluk kurali konusunu acacak olan varsa onu da ayrica sikeyim. edit 2 : bu da cevapsiz bir soru olarak kaldi, en azinda mali meydana serdi https://i.hizliresim.com/29kdbd.png",kendinekadaravukat,18.06.2017 00:26 ~ 01:30,https://eksisozluk.com/entry/68906776,,,,,,
"bi arkadas kolon ve kirislerin orda durun, kapi esiginde durun falan yazmis. canlarim bu laflar isvicre icin, japonya icin falan dogrudur muhtemelen de turkiyede en son durmaniz gereken yerler kapi esikleridir <lento> muhtemelen hafif yikici depremde ilk beyninizi delecek sey lentolar olur. <kapi esikleri altinda durursaniz> zira bina yikilcaksa ilk kirisler kolondan ve tabliyeler kolondan ve belki kiristen ayrilacagi icin en tehlikeli yerler buralar. yikilacak binada sizi yasam ucgenleri kurtarir. bunlar da saglam mobilyalarin yanlari oluyor genelde ama her mobilya yani da ucgen olusturmaz tabi. ayrica mobilya derken ustunde cam, biblo, kitap, bardak vs olan vitrinleri kastetmiyorum. buzdolabi, saglam yataklar, camasir makinesi vs olabilir. <bkz: yasam ucgeni > ama tekrar edicem, dunyanin en salakca seyi kapi esiginde durmaktir.",beeyore,18.06.2017 00:43 ~ 01:02,https://eksisozluk.com/entry/68907225,,,,,,
"bu depremi izmirin oruc tutmamasina baglayanlar, kurban bayraminda deprem olunca da, tanrilar kurban istiyor diye ortalikta dolasacak demek ki.. gok gurleyince gokyuzunden korkan ilkel insanlardan hic farkiniz yok lan..",strobist,18.06.2017 00:49,https://eksisozluk.com/entry/68907366,,,,,,
"karsiyaka'da yine butun mahalleyi sokaga doken deprem. benimse depreme karsi aldigim tek onlem , usturuplu pijama giymek oldu. gulmeyin, aniden evden cikma ihtimalinde dogru duzgun bir kiyafetle cikmak onemli. gecen hafta ki depremde kot pantolonla uyudum diyen arkadasa o kadar gulmeseydim iyiydi.",aptalsey,18.06.2017 00:53,https://eksisozluk.com/entry/68907475,,,,,,
"kordon cimlerinde yakalandigim deprem. bizzat topraktan depremi hissetmek cok korkuncmus, uzun sure kendime gelemedim.",xavininarapasi,18.06.2017 00:54,https://eksisozluk.com/entry/68907501,1,izmir,konak,kordon,2,
"en buyuk korkusu deprem olan ben 12 hazirandan beri geceleri uyumadim, kestirdim. evim deprem ani duzenekleri, kapimin onu kacabilirsek aliriz acil ihtiyac cantalari ile dolu. bu sebeple esyalarin hepsi darma duman zaten ve oyle de kalacak. geceleri binanin yikilma durumunu degerlendirip yeni yeni siginaklar yapiyorum. esim sabah kalkip evin haline bakiyor ve ilginci bana hic bir sey soylemiyor. hakli buldugundan mi yoksa artik kafayi yedigimi dusundugunden mi bilemiyorum... duduk yok evde, almasini ondan isteyecegim yarin. neyse.. sosyal medyada ovgun ahmet ercan hoca kaygiya gerek yok dedi. ustelik gayet rahat soyledi. guvenirim kendisine icimi rahatlatmadi degil ama yine de doga bu. tek basimiza sahibi oldugunu dusundugumuz doga..",bilemedimbenbeni,18.06.2017 00:56,https://eksisozluk.com/entry/68907561,,,,,,
olayi dine imana baglayan gerizekalilara cok degil iki sene once 760 kisinin oldugu kabe izdihamini hatirlatirim. yoksa orada olen hacilar da gavur muydu?,gliese 581,18.06.2017 01:03,https://eksisozluk.com/entry/68907741,,,,,,
ege zaten deprem bolgesidir yalniz bu bir haftadir bayagi endiselendiriyor. bir ay sonra oradayim :<,okyanussss,18.06.2017 01:14,https://eksisozluk.com/entry/68908006,,,,,,
"bira midye festivaline baglama orani: 1.05, yine orucsuz,abdestsizlere baglama orani: 1.25 yanilmiyorsam 5.5 foca kaynakli olan pazartesi gunku deprem kadar olmayandir. saglam olmasa da iyi sallamistir.",imlakilhavuzundaunlubogulmasi,18.06.2017 01:17,https://eksisozluk.com/entry/68908085,,,,,,
korkuyoruz...,pembegyrus,18.06.2017 01:22,https://eksisozluk.com/entry/68908181,,,,,,
"saat 22.50'de 5.6 magnitudde ege denizinde olan bir depremdir. ondan sonra en buyugu 4.0 olmak uzere 5-6 artci daha gerceklesmistir. fakat yine haarp teorisyenlerini cikartmistir ortaya. celal sengor hocamizin su aciklamasi herhalde yeterli olacaktir bu teorisyenler icin. her seyi bir yere atmayi ve kendimizi suclu bulmamayi cok seviyoruz. haarp'i falan gecmek lazim. esas sormamiz gereken soru ""biz depreme ne kadar haziriz?"" olmali. depremi haarp yapti veya fay hatlarinin kirilmasiyla olustu, ne fark eder? sonucta bir deprem oldugunda ve yikildiginda insanlar olecek, ocaklar sonecek. deprem olur sucu haarp'a atariz, darbe olur feto'yu suclariz onu devletin bu kademelerine getirenleri gormeden, ekonomimiz bozulur dis mihraklari suclariz, uretim yapamayiz almanya bizi kiskaniyor olur. bunlari gecmek lazim. dis mihraklar her zaman olacak, onemli olan bizim bunlara ne kadar hazirlikli oldugumuz. sen evlerini sistematik bir sekilde deprem dayanim kontrollerinden geciriyor musun? uc bes kurus kâr edeyim diye o evlerin yapiminda kullanilan aletlerden caliyor musun? birkac tanidik firma nemalansin diye kotu is yapan yerlere veriyor musun? deprem sirasinda ne yapilmasi gerektigine dair halki bilgilendiriyor musun? doldurma alanlara gokdelenler dikiyor musun? depremden sonra halkin rahatlikla ulasabilecegi siginaklar yahut toplanma alanlari yapiyor musun ve bunlari ne kadar surede bir kontrol ediyorsun? oncelikli olarak bu sorulari sormaliyiz ve negatif yanlarimizi pozitife cevirmeye; pozitif yanlarimizi da iyice gelistirmeye calismaliyiz. yoksa daha haarp derken, dis mihraklar derken cok gumburtuye insan can verir bu topraklarda.",rockandroll rules,18.06.2017 01:27,https://eksisozluk.com/entry/68908307,,,,,,
"iki uzman iki ayri yorum yapiyor... ahmet ercan hoca ""bu 6,3 luk depremin artcisi, daha buyuk olmaz, kuculerek 3 - 4 hafta daha devam eder"" derken oguz gundogdu hoca ise bu depremi 6,3 un artcisi degil bagimsiz bir deprem oldugunu, bolgede yeni bir faylanmanin oldugunu soyluyor . isin ilginc yani ahmet hoca depremin 8 - 9 km derinde oldugunu soylerken oguz hoca 22 km altta meydana geldigini soyluyor. kandillinin sitesine goreyse 14 km derinlikte olmus. buyur burdan yak... ah deprem dede ah... ha bu arada kisisel olarak manyaga baglamis durumdayim. durup dururken sallaniyormusuz gibi geliyor, bir kalp carpintisi, bir heyecan, bitmeyen ic sikintisi... belirsizlik dunyanin en boktan seyi, hele ki ucunda senin ve sevdiklerinin ve milyonlarca insanin yasami varsa.",issiz karga,18.06.2017 01:29,https://eksisozluk.com/entry/68908362,,,,,,
seferihisar- teos sanat kampi'ndan hissedildi.,subliminati,18.06.2017 01:35 ~ 06.07.2017 17:23,https://eksisozluk.com/entry/68908527,1,izmir,seferihisar,sigacik,2,
kordonda icmekteyken yakalandigim depremdir. bu kez benim ev kesin yikilmistir dedim ama gene olmadi.,bozukmubirmilyondolar,18.06.2017 01:37,https://eksisozluk.com/entry/68908572,,,,,,
<bkz: #68908370 >,takim elbise ile yuzen adam,18.06.2017 01:42,https://eksisozluk.com/entry/68908692,,,,,,
"manisa'da yasadigim icin, deprem oldugunu daha kolay anlayabilecegim bir alete ihtiyacim oldugunu hissettim. soyle su kuresi gibi ruzgara karsi kapali ancak ruzgar gulu kadar hassas bir alet yokmu?",frealaf,18.06.2017 01:53 ~ 18.06.2018 09:47,https://eksisozluk.com/entry/68908902,,,,,,
gecmis olsun guzel izmir,metrobusebinenvatandas,18.06.2017 02:01,https://eksisozluk.com/entry/68909065,,,,,,
gecen haftaki depremde istanbuldaydim 30-35 saniye suren bi deprem hissettim bugunku depremde aydinda yakalandim yerde uzaniyodum fazla hissettim ama istanbuldakine gore kisa surdu elim ayagim titriyor korkuyorum,teslanin evladi,18.06.2017 02:03,https://eksisozluk.com/entry/68909106,,,,,,
berbat bir duygudur,kerrati,18.06.2017 02:04,https://eksisozluk.com/entry/68909125,,,,,,
babasiz gecirdigim bir depremdir. babami cok ozledim.,jackfromchina,18.06.2017 03:26,https://eksisozluk.com/entry/68910441,,,,,,
gene hafiften bi salladi.boyle titretmeden bas donmesi gibi.onuda avizeden anladim. surekli basim donuyormus gibi hissediyorum gozum paso avizede,nofix,18.06.2017 03:52,https://eksisozluk.com/entry/68910805,,,,,,
yikici depremler genelde aniden oluyor. gunlerdir deprem oldugunu dusunerekten yikici bir deprem olmamasini ummaktan ve dua etmekten baska bir sey gelmiyor elimden,asskickker,18.06.2017 04:06,https://eksisozluk.com/entry/68910988,,,,,,
korkudan uyutmayan. saat 4 olmus ama hala tetikte bekliyorum. delirmeye ramak kaldi !,iknowit,18.06.2017 04:10,https://eksisozluk.com/entry/68911049,,,,,,
"her iki depreme deniz kenarinda yakalandim. evden burnumu cikartmayacagim korkmayin deprem falan olmaz artik. totem bir yana, cidden yoksa olecek miyim hissi yaratan depremler silsilesidir. *",tekkasimikendimaldim,18.06.2017 04:30,https://eksisozluk.com/entry/68911280,,,,,,
"deprem olduktan sonra kardesim ""medyahaber"" diye bir sacmaligin sitesinden screenshot gonderdi. cok yorucu bir gunun ardindan erken yatmistim ve mesaj sesine uyandim. bir baktim, ""izmir'de 9.9 siddetinde deprem"" yaziyor. o kafayla o buyuklukte deprem olsa mesaj falan gelmeyecegini dusunemesem de rakam beni asiri korkuttu ve ne yapacagimi bilemedim. 12-13 yildir ailemden uzak yasiyorum. yanlarina donme gibi bir niyetim de yok aslinda ama boyle anlar insani dusundurmuyor degil. gecen haftakini bizzat orda yasamis ve insanlarin hakli panigine sahit olmustum. hepinize gecmis olsun. not: ""oruc tutmayan gavur izmir'i allah salliyor"" diyenlerin girdigi hak ve gunahin bedelini oderlerken izledigimizde... her neyse.",la celestina,18.06.2017 04:36,https://eksisozluk.com/entry/68911350,,,,,,
"4:20 civari uykumdan sallanarak uyandim, bir bes saniye kadar besik gibi sallandigimi hissettim ve bitiminde arastirdim fakat bir sonuc bulamadim. yukaridaki bir entry ile zamanlamamiz ayni. ya ikimizin gercek anlamda psikolojisi bozuldu yada ufaktan bir deprem yasadik.",emrecigimm,18.06.2017 04:38,https://eksisozluk.com/entry/68911363,,,,,,
"son 4-5 yilda izmirde olan neredeyse tum depremlerde ayni yerde ayni pozisyondaydim <oda - bilgisayar basi>. monitor zaten ince, 1-2 sene once fethiye aciklarinda olan 6.0lik depremde bile sallanmisti o kadar diyeyim. bu 6.0 ve 5.5lik depremde bilgisayar masasi ustundeki kitaplar, siseler vb. ile beraber hafif catirti sesiyle beraber saglam sallandi <+15 yillik masa>. normalde sikinti olmamasi lazim ama sorun su ki bilgisayarin fani biraz problemli ve ara sira tikirti sesi cikariyor, o yuzden 12 hazirandan beri vucudumun adrenalin seviyesi surekli yuksek, surekli bir deprem mi oluyor durumu var anlayacaginiz. stresli birisi de degilimdir, depremden de standart insan seviyesinde korkarim. millet disari cikti ama ben ne yapiyorsam devam ettim 6.0lik depremde. izmirde buyuk deprem olmaz inancindan kaynakli birazda ama su tikirti olayi uyuz etmeye basladi. depremler bitene kadar idare etmeye calisacagiz gibi gozukuyor.",by curling,18.06.2017 04:41,https://eksisozluk.com/entry/68911383,,,,,,
izmir'de olup hissetmedigim depremdir. ulan nasil hissetmedim hayret yahu. yer: esrefpasa.,yengecin intikami,18.06.2017 04:54,https://eksisozluk.com/entry/68911479,,,,,,
ne oluyor bu ege denizine kici basi ayri oynuyor. her saat en az 4 kere yoklamaya and icmis sanki,lord of the nick,18.06.2017 10:01,https://eksisozluk.com/entry/68912820,,,,,,
izmir turkiye'den ayrilmak istiyo sanirim ?? .s,mostgobi,18.06.2017 10:04,https://eksisozluk.com/entry/68912842,,,,,,
"ailesi 1971 gediz depremi magduru olan bir kisi olarak, uzun sure cok korktum depremlerden. ama simdi her deprem oldugunda aklima ayni dortluk geliyor ve kilimi bile kipirdatmiyorum. <bkz: olum > olum her aklina geldiginde ah edip vah edip inleme bu halinle tanri'yi incitmis olacaksin ecel kapini caldiginda evi telasa verme o geldigi zaman sen gitmis olacaksin edit: 4'luk demisim ama bu bildigin 5'lik.",atszns,18.06.2017 14:13 ~ 14:14,https://eksisozluk.com/entry/68915909,,,,,,
buranin halki ege bolgesinde sik sik deprem olmasina aliskin lakin simdi kandilli'nin sitesine baktim da 8 saat icerisinde 44 deprem olmus. inanilmaz bir faaliyet var. gerci parca parca olmasi toptan olmasindan iyidir. tanim: midilli adasi aciklarinda olan deprem.,green2005,19.06.2017 08:31,https://eksisozluk.com/entry/68930839,,,,,,
"acik alanda oldugundan hic hissetmedigim, lakin evde olanlarin gece disarida uyumayi dusundugu hadise",adalar,19.06.2017 08:46,https://eksisozluk.com/entry/68930972,,,,,,
"haftasonu aile ziyaretine gitmisken yakalandim, hayatimda ilk kez bu kadar depremi hiseettim sanirim. teyzemin cocuklarina kosmasi annemin degerini bana hatirlatti, tek katkisi bu depremin budur.",bahti,19.06.2017 13:41,https://eksisozluk.com/entry/68935728,,,,,,
